Section,Asset,Completed,Notes,File Link
Brand Identity,Brand logo (final H logo),,,
Brand Identity,"Alternate logo lockups (horizontal, vertical)",,,
Brand Identity,Brand color palette,,,
Brand Identity,Brand typography system,,,
Brand Identity,Graphic elements / patterns unique to HIGNS,,,
Brand Identity,"Icon set (for web, packaging, marketing)",,,
Product Naming & Messaging,"Product nomenclature system (basics, intermediate, top class, core, sneaker-based, experimental)",,,
Product Naming & Messaging,Collection naming guidelines,,,
Product Naming & Messaging,Taglines and brand slogans,,,
Product Naming & Messaging,Brand manifesto,,,
Customer Communication Assets,Welcome card design (for packaging),,,
Customer Communication Assets,Thank-you card design (for customers),,,
Customer Communication Assets,Care instruction card,,,
Customer Communication Assets,Size chart graphic template,,,
Customer Communication Assets,Email signature template,,,
Customer Communication Assets,Customer onboarding email template,,,
Customer Communication Assets,Order confirmation email template,,,
Customer Communication Assets,Shipping confirmation email template,,,
Customer Communication Assets,Return/exchange communication template,,,
Packaging & Physical Branding,"Packaging design (boxes, polybags, dust bags)",,,
Packaging & Physical Branding,"Garment label designs (main label, care label, size label)",,,
Packaging & Physical Branding,Rubberized label designs,,,
Packaging & Physical Branding,Hangtag design template,,,
Packaging & Physical Branding,Sticker pack designs,,,
Packaging & Physical Branding,Tote bag designs,,,
Packaging & Physical Branding,Branded tape design (for packaging),,,
Marketing & Campaign Tools,Lookbook template,,,
Marketing & Campaign Tools,Campaign poster template,,,
Marketing & Campaign Tools,"Digital ad templates (Instagram, Facebook, etc.)",,,
Marketing & Campaign Tools,Website UX/UI style guide,,,
Marketing & Campaign Tools,Product photography guidelines,,,
Marketing & Campaign Tools,3D render mockup templates,,,
Marketing & Campaign Tools,"Press kit (logo files, product images, brand story)",,,
Marketing & Campaign Tools,Wholesale line sheet template,,,
Marketing & Campaign Tools,Seasonal catalog template,,,
Retail & Event Assets,Pop-up/store signage templates,,,
Retail & Event Assets,In-store display mockups,,,
Retail & Event Assets,Event invite templates,,,
Retail & Event Assets,Influencer/press gifting kit design,,,
Retail & Event Assets,Limited edition collectible card template,,,
Retail & Event Assets,Collaboration branding guidelines,,,
Brand Governance,Brand usage guidelines (do’s & don’ts),,,
Brand Governance,Content pillars & visual reference library,,,
